AMPScanPrediction_Class,AMPScanPrediction_Probability,ANNClass,class,AM,IA,core_peptide,gbk_name,name,RFAMP Probability,RFClass,selected,SeqID,Sequence,shared name,SVMAMP Probability,SVMClass
AMP,0.9414,AMP,AAA,1,0,RCVRCHAREHMRTSHRVAGRRRS,ANAH02000014.1.region001.gbk_1,0,0.4685,NAMP,FALSE,ANAH02000014.1.region001.gbk,RCVRCHAREHMRTSHRVAGRRRS,0,0.554,AMP
AMP,0.9995,AMP,AAA,1,0,TTARSLCTCALPPQVFSSPPGRIARILRHPLRPTASKLPIPSH,ANAH02000066.1.region002.gbk_4,6,0.545,AMP,FALSE,ANAH02000066.1.region002.gbk,TTARSLCTCALPPQVFSSPPGRIARILRHPLRPTASKLPIPSH,6,0.521,AMP
AMP,0.9991,AMP,AAA,1,0,LSPDRWRKRRHLAARSRRCWPCGW,CP022098.1.region007.gbk_6,12,0.742,AMP,FALSE,CP022098.1.region007.gbk,LSPDRWRKRRHLAARSRRCWPCGW,12,0.634,AMP
AMP,0.9955,AMP,AAA,1,0,LSKKVWCAPGGCDGKS,CP043491.1.region007.gbk_2,30,0.596,AMP,FALSE,CP043491.1.region007.gbk,LSKKVWCAPGGCDGKS,30,0.768,AMP
AMP,1,AMP,AAA,1,0,TRSTARCFCTSSSTCTVSGACPHRASRPGKVWW,CP043492.1.region037.gbk_1,39,0.6885,AMP,FALSE,CP043492.1.region037.gbk,TRSTARCFCTSSSTCTVSGACPHRASRPGKVWW,39,0.817,AMP
AMP,0.9958,NAMP,AAN,0,1,GILEPTSAYCTPCPPKYCY,CP022098.1.region039.gbk_3,16,0.6025,AMP,FALSE,CP022098.1.region039.gbk,GILEPTSAYCTPCPPKYCY,16,0.663,AMP
AMP,0.6422,NAMP,AAN,0,1,TSC,CP043492.1.region010.gbk_5,22,0.4,NAMP,FALSE,CP043492.1.region010.gbk,TSC,22,1,AMP
AMP,0.9998,NAMP,AAN,0,1,WSLALGSPPFCSLKKGVVRTRWM,CP043491.1.region007.gbk_3,31,0.9135,AMP,FALSE,CP043491.1.region007.gbk,WSLALGSPPFCSLKKGVVRTRWM,31,0.568,AMP
AMP,0.6422,NAMP,AAN,0,1,TSC,CP043491.1.region007.gbk_6,34,0.4,NAMP,FALSE,CP043491.1.region007.gbk,TSC,34,1,AMP
AMP,0.5893,NAMP,AAN,0,1,SCGDSRVCVGDCCADGV,CP043492.1.region037.gbk_3,41,0.4145,NAMP,FALSE,CP043492.1.region037.gbk,SCGDSRVCVGDCCADGV,41,0.836,AMP
AMP,0.9432,AMP,ANA,0,1,EQVNPSFRGCPAGK,ANAH02000014.1.region001.gbk_2,1,0.2145,NAMP,FALSE,ANAH02000014.1.region001.gbk,EQVNPSFRGCPAGK,1,0.108,NAMP
AMP,0.9999,AMP,ANA,0,1,HPRTEHFKEDIIQAFYDGIKHKPRTTFGNVKADVIADKEPLFIRGNFCRVIRESAWRG,CP022098.1.region007.gbk_2,8,0.1625,NAMP,FALSE,CP022098.1.region007.gbk,HPRTEHFKEDIIQAFYDGIKHKPRTTFGNVKADVIADKEPLFIRGNFCRVIRESAWRG,8,0.309,NAMP
AMP,0.9914,AMP,ANA,0,1,CVILPIWEFWCPRGGRS,CP022098.1.region039.gbk_4,17,0.6925,AMP,FALSE,CP022098.1.region039.gbk,CVILPIWEFWCPRGGRS,17,0.143,NAMP
AMP,0.9996,AMP,ANA,0,1,HRRWAGRGRCGAVTCKGVGRIDSPTSRDRAAGPRLPQ,CP043491.1.region007.gbk_7,35,0.6145,AMP,FALSE,CP043491.1.region007.gbk,HRRWAGRGRCGAVTCKGVGRIDSPTSRDRAAGPRLPQ,35,0.304,NAMP
AMP,0.8923,NAMP,ANN,0,1,NERHPTQGPGKTPGCPASDHSEGGNCPGREGPPP,ANAH02000014.1.region001.gbk_3,2,0.174,NAMP,FALSE,ANAH02000014.1.region001.gbk,NERHPTQGPGKTPGCPASDHSEGGNCPGREGPPP,2,0.101,NAMP
AMP,0.9995,NAMP,ANN,0,1,YKYNRRQKQWMSWWGAGSGGVHFRQGMDLECADEHRCGCFVGMLWPAWCV,CP022098.1.region007.gbk_1,7,0.118,NAMP,FALSE,CP022098.1.region007.gbk,YKYNRRQKQWMSWWGAGSGGVHFRQGMDLECADEHRCGCFVGMLWPAWCV,7,0.047,NAMP
AMP,0.7628,NAMP,ANN,0,1,YWGSAGMGSQLLVCPTWHQSADQLFPITSTGCAPHLFERAKRR,CP043492.1.region010.gbk_2,19,0.0205,NAMP,FALSE,CP043492.1.region010.gbk,YWGSAGMGSQLLVCPTWHQSADQLFPITSTGCAPHLFERAKRR,19,0.079,NAMP
AMP,0.999,NAMP,ANN,0,1,ASGLGTPYRLPAAGPSTWRPAPASRPRVRWRARGRDRVRTSASSRSPCAA,CP043492.1.region010.gbk_6,23,0.4675,NAMP,FALSE,CP043492.1.region010.gbk,ASGLGTPYRLPAAGPSTWRPAPASRPRVRWRARGRDRVRTSASSRSPCAA,23,0.034,NAMP
AMP,0.5931,NAMP,ANN,0,1,EGRSTRSKACDRSSRQWWDARGVPAHLQPRLQSH,MPIN01000015.1.region001.gbk_3,27,0.3955,NAMP,FALSE,MPIN01000015.1.region001.gbk,EGRSTRSKACDRSSRQWWDARGVPAHLQPRLQSH,27,0.317,NAMP
AMP,0.5378,NAMP,ANN,0,1,QQDSGTGIAAPCYLCQCLAGGGGADGRLRR,CP043491.1.region007.gbk_5,33,0.505,AMP,FALSE,CP043491.1.region007.gbk,QQDSGTGIAAPCYLCQCLAGGGGADGRLRR,33,0.383,NAMP
Non-AMP,0.1242,AMP,NAA,0,1,AGVNASCGWSSCNRTN,ANAH02000066.1.region002.gbk_1,3,0.411,NAMP,FALSE,ANAH02000066.1.region002.gbk,AGVNASCGWSSCNRTN,3,0.891,AMP
Non-AMP,0.0015,AMP,NAA,0,1,PSGGSRSYARRASCIRFARFLPEEPVW,CP043492.1.region010.gbk_7,24,0.443,NAMP,FALSE,CP043492.1.region010.gbk,PSGGSRSYARRASCIRFARFLPEEPVW,24,0.683,AMP
Non-AMP,0.0151,AMP,NAA,0,1,PSGGSRSYARRASCIRFARVLPKEPVW,CP043491.1.region007.gbk_9,37,0.724,AMP,FALSE,CP043491.1.region007.gbk,PSGGSRSYARRASCIRFARVLPKEPVW,37,0.822,AMP
Non-AMP,7.00E-04,NAMP,NAN,0,1,PAGIVELSDEALDSLLSGGKQVSSCCWESC,CP022098.1.region007.gbk_3,9,0.419,NAMP,FALSE,CP022098.1.region007.gbk,PAGIVELSDEALDSLLSGGKQVSSCCWESC,9,0.937,AMP
Non-AMP,0.1942,NAMP,NAN,0,1,PERGGARVRSLESCRRD,CP043492.1.region010.gbk_4,21,0.402,NAMP,FALSE,CP043492.1.region010.gbk,PERGGARVRSLESCRRD,21,0.581,AMP
Non-AMP,0.1062,NAMP,NAN,0,1,PERGGARARSLESCRRD,CP043491.1.region007.gbk_4,32,0.434,NAMP,FALSE,CP043491.1.region007.gbk,PERGGARARSLESCRRD,32,0.732,AMP
Non-AMP,3.00E-04,NAMP,NAN,0,1,ADGGQEPAASNISLVDCEMGSGLSLLLC,ANAH02000064.1.region003.gbk_1,42,0.3295,NAMP,FALSE,ANAH02000064.1.region003.gbk,ADGGQEPAASNISLVDCEMGSGLSLLLC,42,0.551,AMP
Non-AMP,0.058,AMP,NNA,0,1,VVEAGSFSAAARALVMNSGALRGLPTPCTQANARSNKTKPFRKDDRPAGI,CP022098.1.region007.gbk_5,11,0.185,NAMP,FALSE,CP022098.1.region007.gbk,VVEAGSFSAAARALVMNSGALRGLPTPCTQANARSNKTKPFRKDDRPAGI,11,0.113,NAMP
Non-AMP,0.1893,AMP,NNA,0,1,CADSGLVLLPSWPR,MPIN01000015.1.region001.gbk_2,26,0.3355,NAMP,FALSE,MPIN01000015.1.region001.gbk,CADSGLVLLPSWPR,26,0.022,NAMP
Non-AMP,0.0089,NAMP,NNN,0,1,NCDCSATITPPSNPFEEQ,ANAH02000066.1.region002.gbk_2,4,0.1975,NAMP,FALSE,ANAH02000066.1.region002.gbk,NCDCSATITPPSNPFEEQ,4,0.158,NAMP
Non-AMP,5.00E-04,NAMP,NNN,0,1,PSTLGGRQPHAPSAPALSLHRSSLRRQVASLEFFDTLSGLPQANCQFLLIERLRRGA,ANAH02000066.1.region002.gbk_3,5,0.2255,NAMP,FALSE,ANAH02000066.1.region002.gbk,PSTLGGRQPHAPSAPALSLHRSSLRRQVASLEFFDTLSGLPQANCQFLLIERLRRGA,5,0.047,NAMP
Non-AMP,2.00E-04,NAMP,NNN,0,1,TRRNGSSPVKSTECSSQFPIFDLISTEAP,CP022098.1.region007.gbk_4,10,0.034,NAMP,FALSE,CP022098.1.region007.gbk,TRRNGSSPVKSTECSSQFPIFDLISTEAP,10,0.027,NAMP
Non-AMP,0.2418,NAMP,NNN,0,1,TCPD,CP022098.1.region007.gbk_7,13,0.399,NAMP,FALSE,CP022098.1.region007.gbk,TCPD,13,0.035,NAMP
Non-AMP,0.2339,NAMP,NNN,0,1,EGWHECCTGSGSFHPPRMVPTAGE,CP022098.1.region039.gbk_1,14,0.0315,NAMP,FALSE,CP022098.1.region039.gbk,EGWHECCTGSGSFHPPRMVPTAGE,14,0.064,NAMP
Non-AMP,0.0607,NAMP,NNN,0,1,WKDPDPVQHSCHPSPPRTHERPILRLFQDVFQGVSRKPFTLRTSSQALTGL,CP022098.1.region039.gbk_2,15,0.0405,NAMP,FALSE,CP022098.1.region039.gbk,WKDPDPVQHSCHPSPPRTHERPILRLFQDVFQGVSRKPFTLRTSSQALTGL,15,0.047,NAMP
Non-AMP,0.4548,NAMP,NNN,0,1,LGLWATAAWRSTPCSLAPGVGVAARARPTSTELSSSSVTSWKNSSG,CP043492.1.region010.gbk_1,18,0.466,NAMP,FALSE,CP043492.1.region010.gbk,LGLWATAAWRSTPCSLAPGVGVAARARPTSTELSSSSVTSWKNSSG,18,0.137,NAMP
Non-AMP,0.0574,NAMP,NNN,0,1,LSKRCGAHPVDVMGKS,CP043492.1.region010.gbk_3,20,0.2925,NAMP,FALSE,CP043492.1.region010.gbk,LSKRCGAHPVDVMGKS,20,0.263,NAMP
Non-AMP,0.0047,NAMP,NNN,0,1,RASTPDLASNAVHCRTET,MPIN01000015.1.region001.gbk_1,25,0.0135,NAMP,FALSE,MPIN01000015.1.region001.gbk,RASTPDLASNAVHCRTET,25,0.059,NAMP
Non-AMP,3.00E-04,NAMP,NNN,0,1,GGQEATASNVSLVNCEASSSLSLLLC,CP043491.1.region025.gbk_1,28,0.464,NAMP,FALSE,CP043491.1.region025.gbk,GGQEATASNVSLVNCEASSSLSLLLC,28,0.364,NAMP
Non-AMP,0.3351,NAMP,NNN,0,1,RDTRGHQGLGDCMQPTRPHPACRQGEEATERGPSENGTDE,CP043491.1.region007.gbk_1,29,0.1535,NAMP,FALSE,CP043491.1.region007.gbk,RDTRGHQGLGDCMQPTRPHPACRQGEEATERGPSENGTDE,29,0.121,NAMP
Non-AMP,0.2907,NAMP,NNN,0,1,ARHTASHPVSSSAAPSGRCHVGTMAVAAKRSVLMP,CP043491.1.region007.gbk_8,36,0.35,NAMP,FALSE,CP043491.1.region007.gbk,ARHTASHPVSSSAAPSGRCHVGTMAVAAKRSVLMP,36,0.411,NAMP
Non-AMP,0.0055,NAMP,NNN,0,1,TDGGQEQAPSNLSLIGECSSGLSLLLC,MPIN01000009.1.region002.gbk_1,38,0.3355,NAMP,FALSE,MPIN01000009.1.region002.gbk,TDGGQEQAPSNLSLIGECSSGLSLLLC,38,0.196,NAMP
Non-AMP,0.0124,NAMP,NNN,0,1,QALSTSCGPVLTLSSGCYIKLDLDEPYVEALTYAAPSSAVIRRSGGPPGSPLP,CP043492.1.region037.gbk_2,40,0.121,NAMP,FALSE,CP043492.1.region037.gbk,QALSTSCGPVLTLSSGCYIKLDLDEPYVEALTYAAPSSAVIRRSGGPPGSPLP,40,0.217,NAMP
Non-AMP,3.00E-04,NAMP,NNN,0,1,AGQEATASNLSLLDCEASSGVSLLLC,CP043492.1.region031.gbk_1,43,0.4765,NAMP,FALSE,CP043492.1.region031.gbk,AGQEATASNLSLLDCEASSGVSLLLC,43,0.352,NAMP