gbk_file	raw_gbk_name	raw_gbk_name	Product Prediction	Product Prediction Merging	_	gbk_name	leader_seq	core_seq
./gbk/ANAH02000014.1.region001.gbk	ANAH02000014.1.region001.gbk	ANAH02000014.1.region001	lanthipeptide-class-ii.LAP	others	1	ANAH02000014.1.region001.gbk_1	MLRADDSPGP	RCVRCHAREHMRTSHRVAGRRRS
./gbk/ANAH02000014.1.region001.gbk	ANAH02000014.1.region001.gbk	ANAH02000014.1.region001	lanthipeptide-class-ii.LAP	others	2	ANAH02000014.1.region001.gbk_2	MLASICELRTVSPDGAGA	EQVNPSFRGCPAGK
./gbk/ANAH02000014.1.region001.gbk	ANAH02000014.1.region001.gbk	ANAH02000014.1.region001	lanthipeptide-class-ii.LAP	others	3	ANAH02000014.1.region001.gbk_3	MGRTPRQTLPVESSSLRAA	NERHPTQGPGKTPGCPASDHSEGGNCPGREGPPP
./gbk/ANAH02000066.1.region002.gbk	ANAH02000066.1.region002.gbk	ANAH02000066.1.region002	lanthipeptide-class-ii	lanthipeptide-class-ii	1	ANAH02000066.1.region002.gbk_1	MSKKVIQVWKDEDFRLSMTEEERARFPDNPAGLLELTDEALDALVHGA	AGVNASCGWSSCNRTN
./gbk/ANAH02000066.1.region002.gbk	ANAH02000066.1.region002.gbk	ANAH02000066.1.region002	lanthipeptide-class-ii	lanthipeptide-class-ii	2	ANAH02000066.1.region002.gbk_2	MVDLLFRKPGDDEPGIQMEGAGG	NCDCSATITPPSNPFEEQ
./gbk/ANAH02000066.1.region002.gbk	ANAH02000066.1.region002.gbk	ANAH02000066.1.region002	lanthipeptide-class-ii	lanthipeptide-class-ii	3	ANAH02000066.1.region002.gbk_3	MDSGPCPSQVRRTWEAGA	PSTLGGRQPHAPSAPALSLHRSSLRRQVASLEFFDTLSGLPQA NCQFLLIERLRRGA
./gbk/ANAH02000066.1.region002.gbk	ANAH02000066.1.region002.gbk	ANAH02000066.1.region002	lanthipeptide-class-ii	lanthipeptide-class-ii	4	ANAH02000066.1.region002.gbk_4	MSLPGASDLGGRGALDAWGA	TTARSLCTCALPPQVFSSPPGRIARILRHPLRPTASKLPIPSH 
./gbk/CP022098.1.region007.gbk	CP022098.1.region007.gbk	CP022098.1.region007	lanthipeptide-class-ii	lanthipeptide-class-ii	1	CP022098.1.region007.gbk_1	MVLKRIPRWLDPAVVRLTPVSGA	YKYNRRQKQWMSWWGAGSGGVHFRQGMDLECADEHRCGCFVGM LWPAWCV
./gbk/CP022098.1.region007.gbk	CP022098.1.region007.gbk	CP022098.1.region007	lanthipeptide-class-ii	lanthipeptide-class-ii	2	CP022098.1.region007.gbk_2	MTYAEYPDDEREAVVAA	HPRTEHFKEDIIQAFYDGIKHKPRTTFGNVKADVIADKEPLFI RGNFCRVIRESAWRG
./gbk/CP022098.1.region007.gbk	CP022098.1.region007.gbk	CP022098.1.region007	lanthipeptide-class-ii	lanthipeptide-class-ii	3	CP022098.1.region007.gbk_3	MKKTIQAWKDEDFRLSLTEEERAQLPAN	PAGIVELSDEALDSLLSGGKQVSSCCWESC
./gbk/CP022098.1.region007.gbk	CP022098.1.region007.gbk	CP022098.1.region007	lanthipeptide-class-ii	lanthipeptide-class-ii	4	CP022098.1.region007.gbk_4	MPEAEAPGGA	TRRNGSSPVKSTECSSQFPIFDLISTEAP
./gbk/CP022098.1.region007.gbk	CP022098.1.region007.gbk	CP022098.1.region007	lanthipeptide-class-ii	lanthipeptide-class-ii	5	CP022098.1.region007.gbk_5	MDRLRAAEVYVA	VVEAGSFSAAARALVMNSGALRGLPTPCTQANARSNKTKPFRK DDRPAGI
./gbk/CP022098.1.region007.gbk	CP022098.1.region007.gbk	CP022098.1.region007	lanthipeptide-class-ii	lanthipeptide-class-ii	6	CP022098.1.region007.gbk_6	MLWVRCPETLWCENDQGALVLYG	LSPDRWRKRRHLAARSRRCWPCGW
./gbk/CP022098.1.region007.gbk	CP022098.1.region007.gbk	CP022098.1.region007	lanthipeptide-class-ii	lanthipeptide-class-ii	7	CP022098.1.region007.gbk_7	MANTGANARRGVSASA	TCPD
./gbk/CP022098.1.region039.gbk	CP022098.1.region039.gbk	CP022098.1.region039	lanthipeptide-class-ii	lanthipeptide-class-ii	1	CP022098.1.region039.gbk_1	MGRSCVLGG	EGWHECCTGSGSFHPPRMVPTAGE
./gbk/CP022098.1.region039.gbk	CP022098.1.region039.gbk	CP022098.1.region039	lanthipeptide-class-ii	lanthipeptide-class-ii	2	CP022098.1.region039.gbk_2	MGTILGG	WKDPDPVQHSCHPSPPRTHERPILRLFQDVFQGVSRKPFTLRT SSQALTGL
./gbk/CP022098.1.region039.gbk	CP022098.1.region039.gbk	CP022098.1.region039	lanthipeptide-class-ii	lanthipeptide-class-ii	3	CP022098.1.region039.gbk_3	MSKSNTEHILRAWRDPEYFNSLSAEERAALPANPASAFALDDSVLESVTGG	GILEPTSAYCTPCPPKYCY
./gbk/CP022098.1.region039.gbk	CP022098.1.region039.gbk	CP022098.1.region039	lanthipeptide-class-ii	lanthipeptide-class-ii	4	CP022098.1.region039.gbk_4	MHEPAYSRIIMQNNALMRRFMRTKSAGS	CVILPIWEFWCPRGGRS
./gbk/CP043492.1.region010.gbk	CP043492.1.region010.gbk	CP043492.1.region010	lanthipeptide-class-ii	lanthipeptide-class-ii	1	CP043492.1.region010.gbk_1	MPPSYAPSRWTDRAALFRARSGRDPLRGEAGG	LGLWATAAWRSTPCSLAPGVGVAARARPTSTELSSSSVTSWKN SSG
./gbk/CP043492.1.region010.gbk	CP043492.1.region010.gbk	CP043492.1.region010	lanthipeptide-class-ii	lanthipeptide-class-ii	2	CP043492.1.region010.gbk_2	MGCHPVGGSTVAISGG	YWGSAGMGSQLLVCPTWHQSADQLFPITSTGCAPHLFERAKRR 
./gbk/CP043492.1.region010.gbk	CP043492.1.region010.gbk	CP043492.1.region010	lanthipeptide-class-ii	lanthipeptide-class-ii	3	CP043492.1.region010.gbk_3	MGRERSISGNGELVPPLHGRWRLDHLLFA	LSKRCGAHPVDVMGKS
./gbk/CP043492.1.region010.gbk	CP043492.1.region010.gbk	CP043492.1.region010	lanthipeptide-class-ii	lanthipeptide-class-ii	4	CP043492.1.region010.gbk_4	MGREKRTKKGCHDVQHRYCPGVEGSNLPGE	PERGGARVRSLESCRRD
./gbk/CP043492.1.region010.gbk	CP043492.1.region010.gbk	CP043492.1.region010	lanthipeptide-class-ii	lanthipeptide-class-ii	5	CP043492.1.region010.gbk_5	MPVPLSCWHPLMSRVPRKHAKQLRRFRAETLAGT	TSC
./gbk/CP043492.1.region010.gbk	CP043492.1.region010.gbk	CP043492.1.region010	lanthipeptide-class-ii	lanthipeptide-class-ii	6	CP043492.1.region010.gbk_6	MSKDLYRREPGGRELPPSESLGG	ASGLGTPYRLPAAGPSTWRPAPASRPRVRWRARGRDRVRTSAS SRSPCAA
./gbk/CP043492.1.region010.gbk	CP043492.1.region010.gbk	CP043492.1.region010	lanthipeptide-class-ii	lanthipeptide-class-ii	7	CP043492.1.region010.gbk_7	MEGKPVRGG	PSGGSRSYARRASCIRFARFLPEEPVW
./gbk/MPIN01000015.1.region001.gbk	MPIN01000015.1.region001.gbk	MPIN01000015.1.region001	lanthipeptide-class-ii.LAP	others	1	MPIN01000015.1.region001.gbk_1	MAALRAPGNSHPPSDRMPGS	RASTPDLASNAVHCRTET
./gbk/MPIN01000015.1.region001.gbk	MPIN01000015.1.region001.gbk	MPIN01000015.1.region001	lanthipeptide-class-ii.LAP	others	2	MPIN01000015.1.region001.gbk_2	MVRRASNAS	CADSGLVLLPSWPR
./gbk/MPIN01000015.1.region001.gbk	MPIN01000015.1.region001.gbk	MPIN01000015.1.region001	lanthipeptide-class-ii.LAP	others	3	MPIN01000015.1.region001.gbk_3	MLLPSLYGHACIGGMGALLRVRAGA	EGRSTRSKACDRSSRQWWDARGVPAHLQPRLQSH
./gbk/CP043491.1.region025.gbk	CP043491.1.region025.gbk	CP043491.1.region025	#N/A	#N/A	1	CP043491.1.region025.gbk_1	MNNVLALQKLPADTGGEAVGGDSAD	GGQEATASNVSLVNCEASSSLSLLLC
./gbk/CP043491.1.region007.gbk	CP043491.1.region007.gbk	CP043491.1.region007	lanthipeptide-class-ii	lanthipeptide-class-ii	1	CP043491.1.region007.gbk_1	MEARVVTYS	RDTRGHQGLGDCMQPTRPHPACRQGEEATERGPSENGTDE
./gbk/CP043491.1.region007.gbk	CP043491.1.region007.gbk	CP043491.1.region007	lanthipeptide-class-ii	lanthipeptide-class-ii	2	CP043491.1.region007.gbk_2	MGRERSISGNGEFVSPPHGRWRLDHLLFA	LSKKVWCAPGGCDGKS
./gbk/CP043491.1.region007.gbk	CP043491.1.region007.gbk	CP043491.1.region007	lanthipeptide-class-ii	lanthipeptide-class-ii	3	CP043491.1.region007.gbk_3	MLDIVTSFLRPLLAPHGSRAVNQWKRGVRLPAA	WSLALGSPPFCSLKKGVVRTRWM
./gbk/CP043491.1.region007.gbk	CP043491.1.region007.gbk	CP043491.1.region007	lanthipeptide-class-ii	lanthipeptide-class-ii	4	CP043491.1.region007.gbk_4	MGREKRTKKGCHDVQHRYCPGVEGSNLPGK	PERGGARARSLESCRRD
./gbk/CP043491.1.region007.gbk	CP043491.1.region007.gbk	CP043491.1.region007	lanthipeptide-class-ii	lanthipeptide-class-ii	5	CP043491.1.region007.gbk_5	MPARASALNRLGCFACLRGTRDISGG	QQDSGTGIAAPCYLCQCLAGGGGADGRLRR
./gbk/CP043491.1.region007.gbk	CP043491.1.region007.gbk	CP043491.1.region007	lanthipeptide-class-ii	lanthipeptide-class-ii	6	CP043491.1.region007.gbk_6	MPVPLSCWPPLMSRVPRKHAKQPRRFRAEALAGT	TSC
./gbk/CP043491.1.region007.gbk	CP043491.1.region007.gbk	CP043491.1.region007	lanthipeptide-class-ii	lanthipeptide-class-ii	7	CP043491.1.region007.gbk_7	METGPSNDGRRGGRRSARSNRAATPPFA	HRRWAGRGRCGAVTCKGVGRIDSPTSRDRAAGPRLPQ
./gbk/CP043491.1.region007.gbk	CP043491.1.region007.gbk	CP043491.1.region007	lanthipeptide-class-ii	lanthipeptide-class-ii	8	CP043491.1.region007.gbk_8	MAQSQEDIHGT	ARHTASHPVSSSAAPSGRCHVGTMAVAAKRSVLMP
./gbk/CP043491.1.region007.gbk	CP043491.1.region007.gbk	CP043491.1.region007	lanthipeptide-class-ii	lanthipeptide-class-ii	9	CP043491.1.region007.gbk_9	MKRKPVRGG	PSGGSRSYARRASCIRFARVLPKEPVW
./gbk/MPIN01000009.1.region002.gbk	MPIN01000009.1.region002.gbk	MPIN01000009.1.region002	lanthipeptide-class-iv	others	1	MPIN01000009.1.region002.gbk_1	MNNVLALQKLSADTGEEAVGDNS	TDGGQEQAPSNLSLIGECSSGLSLLLC
./gbk/CP043492.1.region037.gbk	CP043492.1.region037.gbk	CP043492.1.region037	RiPP-like.lanthipeptide-class-ii	others	1	CP043492.1.region037.gbk_1	MIWVLNPLGVATKARVEAARLGPERTAIHYQ	TRSTARCFCTSSSTCTVSGACPHRASRPGKVWW
./gbk/CP043492.1.region037.gbk	CP043492.1.region037.gbk	CP043492.1.region037	RiPP-like.lanthipeptide-class-ii	others	2	CP043492.1.region037.gbk_2	MGSVPGS	QALSTSCGPVLTLSSGCYIKLDLDEPYVEALTYAAPSSAVIRR SGGPPGSPLP
./gbk/CP043492.1.region037.gbk	CP043492.1.region037.gbk	CP043492.1.region037	RiPP-like.lanthipeptide-class-ii	others	3	CP043492.1.region037.gbk_3	MGLLEKEGS	SCGDSRVCVGDCCADGV
./gbk/ANAH02000064.1.region003.gbk	ANAH02000064.1.region003.gbk	ANAH02000064.1.region003	#N/A	#N/A	1	ANAH02000064.1.region003.gbk_1	MNNVLALQKLSSDTGEEAVGDNS	ADGGQEPAASNISLVDCEMGSGLSLLLC
./gbk/CP043492.1.region031.gbk	CP043492.1.region031.gbk	CP043492.1.region031	lanthipeptide-class-iv	others	1	CP043492.1.region031.gbk_1	MNPYLLIGTFSNSPWWRVERQLVMNNVLALQKLPADTGGEAVGGDSAD	AGQEATASNLSLLDCEASSGVSLLLC